{
	"info": {
		"_postman_id": "acc19959-f013-48f3-978f-f1ec1ae02cce",
		"name": "KRSPurchase Azure Purchase Order",
		"schema": "https://schema.getpostman.com/json/collection/v2.1.0/collection.json"
	},
	"item": [
		{
			"name": "Purchase Orders",
			"item": [
				{
					"name": "Add Purchase Order",
					"event": [
						{
							"listen": "test",
							"script": {
								"exec": [
									"(pm.response.to.have.status(201))\r",
									" pm.test(\"purchase order added\");\r",
									""
								],
								"type": "text/javascript"
							}
						}
					],
					"request": {
						"method": "POST",
						"header": [],
						"body": {
							"mode": "raw",
							"raw": "{\r\n  \"supplier\": {\r\n    \"code\": \"MAKRO\",\r\n    \"name\": \"Makro\",\r\n    \"leadTime\": 3\r\n  },\r\n  \"items\": [\r\n    {\r\n      \"product\": {\r\n        \"code\": \"BROOM\",\r\n        \"name\": \"Broom\"\r\n      },\r\n      \"quantity\": 5,\r\n      \"price\": 50\r\n    }\r\n  ]\r\n}",
							"options": {
								"raw": {
									"language": "json"
								}
							}
						},
						"url": {
							"raw": "https://int23-p1.azurewebsites.net/api/PurchaseOrders",
							"protocol": "https",
							"host": [
								"int23-p1",
								"azurewebsites",
								"net"
							],
							"path": [
								"api",
								"PurchaseOrders"
							]
						}
					},
					"response": []
				},
				{
					"name": "Get a list of Purchase Orders",
					"event": [
						{
							"listen": "test",
							"script": {
								"exec": [
									"(pm.response.to.have.status(200))\r",
									" pm.test(\"purchase orders listed\");\r",
									""
								],
								"type": "text/javascript"
							}
						}
					],
					"request": {
						"method": "GET",
						"header": [],
						"url": {
							"raw": "https://int23-p1.azurewebsites.net/api/PurchaseOrders",
							"protocol": "https",
							"host": [
								"int23-p1",
								"azurewebsites",
								"net"
							],
							"path": [
								"api",
								"PurchaseOrders"
							]
						}
					},
					"response": []
				},
				{
					"name": "Get Purchase Order By Number",
					"event": [
						{
							"listen": "test",
							"script": {
								"exec": [
									"(pm.response.to.have.status(200))\r",
									" pm.test(\"purchase order fetched\");\r",
									""
								],
								"type": "text/javascript"
							}
						}
					],
					"request": {
						"method": "GET",
						"header": [],
						"url": {
							"raw": "https://int23-p1.azurewebsites.net/api/PurchaseOrders/1",
							"protocol": "https",
							"host": [
								"int23-p1",
								"azurewebsites",
								"net"
							],
							"path": [
								"api",
								"PurchaseOrders",
								"1"
							]
						}
					},
					"response": []
				},
				{
					"name": "Cancel Purchase Order",
					"event": [
						{
							"listen": "test",
							"script": {
								"exec": [
									"(pm.response.to.have.status(200))\r",
									" pm.test(\"purchase order canceled\");\r",
									""
								],
								"type": "text/javascript"
							}
						}
					],
					"request": {
						"method": "PUT",
						"header": [],
						"url": {
							"raw": "https://int23-p1.azurewebsites.net/api/PurchaseOrders/1/cancel",
							"protocol": "https",
							"host": [
								"int23-p1",
								"azurewebsites",
								"net"
							],
							"path": [
								"api",
								"PurchaseOrders",
								"1",
								"cancel"
							]
						}
					},
					"response": []
				},
				{
					"name": "Add Item to Existing Purchase Order",
					"event": [
						{
							"listen": "test",
							"script": {
								"exec": [
									"(pm.response.to.have.status(200))\r",
									" pm.test(\"Item added to purchase order\");\r",
									""
								],
								"type": "text/javascript"
							}
						}
					],
					"request": {
						"method": "PUT",
						"header": [],
						"body": {
							"mode": "raw",
							"raw": "{\r\n    \"product\": {\r\n        \"code\": \"STCKY\",\r\n        \"name\": \"Sticky Notes\"\r\n    },\r\n    \"quantity\": 1,\r\n    \"price\": 89\r\n}",
							"options": {
								"raw": {
									"language": "json"
								}
							}
						},
						"url": {
							"raw": "https://int23-p1.azurewebsites.net/api/PurchaseOrders/1/item",
							"protocol": "https",
							"host": [
								"int23-p1",
								"azurewebsites",
								"net"
							],
							"path": [
								"api",
								"PurchaseOrders",
								"1",
								"item"
							]
						}
					},
					"response": []
				}
			]
		}
	]
}