{
	"info": {
		"_postman_id": "3171787c-5c87-440a-8a6d-a4ecfaa3e3af",
		"name": "KRSPurchase Azure Supplier",
		"schema": "https://schema.getpostman.com/json/collection/v2.1.0/collection.json"
	},
	"item": [
		{
			"name": "Suppliers",
			"item": [
				{
					"name": "Get list of suppliers",
					"event": [
						{
							"listen": "test",
							"script": {
								"exec": [
									"(pm.response.to.have.status(200))\r",
									" pm.test(\"suppliers listed\");\r",
									""
								],
								"type": "text/javascript"
							}
						}
					],
					"request": {
						"method": "GET",
						"header": [],
						"url": {
							"raw": "https://int23-p1.azurewebsites.net/api/Suppliers",
							"protocol": "https",
							"host": [
								"int23-p1",
								"azurewebsites",
								"net"
							],
							"path": [
								"api",
								"Suppliers"
							]
						}
					},
					"response": []
				},
				{
					"name": "Get Supplier by code",
					"event": [
						{
							"listen": "test",
							"script": {
								"exec": [
									"(pm.response.to.have.status(200))\r",
									" pm.test(\"supplier fetched\");\r",
									""
								],
								"type": "text/javascript"
							}
						}
					],
					"request": {
						"method": "GET",
						"header": [],
						"url": {
							"raw": "https://int23-p1.azurewebsites.net/api/Suppliers/AGILE",
							"protocol": "https",
							"host": [
								"int23-p1",
								"azurewebsites",
								"net"
							],
							"path": [
								"api",
								"Suppliers",
								"AGILE"
							]
						}
					},
					"response": []
				},
				{
					"name": "Delete Supplier",
					"event": [
						{
							"listen": "test",
							"script": {
								"exec": [
									"(pm.response.to.have.status(204))\r",
									" pm.test(\"supplier deleted\");\r",
									""
								],
								"type": "text/javascript"
							}
						}
					],
					"request": {
						"method": "DELETE",
						"header": [],
						"url": {
							"raw": "https://int23-p1.azurewebsites.net/api/Suppliers/AQUAL",
							"protocol": "https",
							"host": [
								"int23-p1",
								"azurewebsites",
								"net"
							],
							"path": [
								"api",
								"Suppliers",
								"AQUAL"
							]
						}
					},
					"response": []
				},
				{
					"name": "Add Supplier",
					"event": [
						{
							"listen": "test",
							"script": {
								"exec": [
									"(pm.response.to.have.status(201))\r",
									" pm.test(\"supplier added\");\r",
									""
								],
								"type": "text/javascript"
							}
						}
					],
					"request": {
						"method": "POST",
						"header": [],
						"body": {
							"mode": "raw",
							"raw": "{\r\n  \"code\": \"AQUAL\",\r\n  \"name\": \"Aqualle Water\",\r\n  \"leadTime\": 3\r\n}",
							"options": {
								"raw": {
									"language": "json"
								}
							}
						},
						"url": {
							"raw": "https://int23-p1.azurewebsites.net/api/Suppliers",
							"protocol": "https",
							"host": [
								"int23-p1",
								"azurewebsites",
								"net"
							],
							"path": [
								"api",
								"Suppliers"
							]
						}
					},
					"response": []
				},
				{
					"name": "Edit Supplier",
					"event": [
						{
							"listen": "test",
							"script": {
								"exec": [
									"(pm.response.to.have.status(200))\r",
									" pm.test(\"supplier edited\");\r",
									""
								],
								"type": "text/javascript"
							}
						}
					],
					"request": {
						"method": "PUT",
						"header": [],
						"body": {
							"mode": "raw",
							"raw": "{\r\n  \"code\": \"GIELS\",\r\n  \"name\": \"New New Giels\",\r\n  \"leadTime\": 1\r\n}",
							"options": {
								"raw": {
									"language": "json"
								}
							}
						},
						"url": {
							"raw": "https://int23-p1.azurewebsites.net/api/Suppliers/",
							"protocol": "https",
							"host": [
								"int23-p1",
								"azurewebsites",
								"net"
							],
							"path": [
								"api",
								"Suppliers",
								""
							]
						}
					},
					"response": []
				}
			]
		}
	]
}