{
	"info": {
		"_postman_id": "703935e0-f56a-421e-881c-d574f01c7b97",
		"name": "KRSPurchase Local",
		"schema": "https://schema.getpostman.com/json/collection/v2.1.0/collection.json"
	},
	"item": [
		{
			"name": "Products",
			"item": [
				{
					"name": "Get List of Products",
					"request": {
						"method": "GET",
						"header": [],
						"url": {
							"raw": "https://localhost:7067/api/Products",
							"protocol": "https",
							"host": [
								"localhost"
							],
							"port": "7067",
							"path": [
								"api",
								"Products"
							]
						}
					},
					"response": []
				},
				{
					"name": "Get by code",
					"request": {
						"method": "GET",
						"header": [],
						"url": {
							"raw": "https://localhost:7067/api/Products/KYBRD",
							"protocol": "https",
							"host": [
								"localhost"
							],
							"port": "7067",
							"path": [
								"api",
								"Products",
								"KYBRD"
							]
						}
					},
					"response": []
				},
				{
					"name": "Add a product",
					"request": {
						"method": "POST",
						"header": [],
						"body": {
							"mode": "raw",
							"raw": "{\r\n  \"code\": \"SMSNG\",\r\n  \"name\": \"Samsung Phone\"\r\n}",
							"options": {
								"raw": {
									"language": "json"
								}
							}
						},
						"url": {
							"raw": "https://localhost:7067/api/Products/",
							"protocol": "https",
							"host": [
								"localhost"
							],
							"port": "7067",
							"path": [
								"api",
								"Products",
								""
							]
						}
					},
					"response": []
				},
				{
					"name": "Delete product",
					"request": {
						"method": "DELETE",
						"header": [],
						"url": {
							"raw": "https://localhost:7067/api/Products/F2431",
							"protocol": "https",
							"host": [
								"localhost"
							],
							"port": "7067",
							"path": [
								"api",
								"Products",
								"F2431"
							]
						}
					},
					"response": []
				},
				{
					"name": "Edit product",
					"request": {
						"method": "PUT",
						"header": [],
						"body": {
							"mode": "raw",
							"raw": "{\r\n  \"code\": \"KYBRD\",\r\n  \"name\": \"New Keyboard\"\r\n}",
							"options": {
								"raw": {
									"language": "json"
								}
							}
						},
						"url": {
							"raw": "https://localhost:7067/api/Products",
							"protocol": "https",
							"host": [
								"localhost"
							],
							"port": "7067",
							"path": [
								"api",
								"Products"
							]
						}
					},
					"response": []
				}
			]
		},
		{
			"name": "Suppliers",
			"item": [
				{
					"name": "Get list of suppliers",
					"request": {
						"method": "GET",
						"header": [],
						"url": {
							"raw": "https://localhost:7067/api/Suppliers",
							"protocol": "https",
							"host": [
								"localhost"
							],
							"port": "7067",
							"path": [
								"api",
								"Suppliers"
							]
						}
					},
					"response": []
				},
				{
					"name": "Get Supplier by code",
					"request": {
						"method": "GET",
						"header": [],
						"url": {
							"raw": "https://localhost:7067/api/Suppliers/AGILE",
							"protocol": "https",
							"host": [
								"localhost"
							],
							"port": "7067",
							"path": [
								"api",
								"Suppliers",
								"AGILE"
							]
						}
					},
					"response": []
				},
				{
					"name": "Add Supplier",
					"request": {
						"method": "POST",
						"header": [],
						"body": {
							"mode": "raw",
							"raw": "{\r\n  \"code\": \"AQUAL\",\r\n  \"name\": \"Aqualle Water\",\r\n  \"leadTime\": 3\r\n}",
							"options": {
								"raw": {
									"language": "json"
								}
							}
						},
						"url": {
							"raw": "https://localhost:7067/api/Suppliers",
							"protocol": "https",
							"host": [
								"localhost"
							],
							"port": "7067",
							"path": [
								"api",
								"Suppliers"
							]
						}
					},
					"response": []
				},
				{
					"name": "Delete Supplier",
					"request": {
						"method": "DELETE",
						"header": [],
						"url": {
							"raw": "https://localhost:7067/api/Suppliers/GTYAR",
							"protocol": "https",
							"host": [
								"localhost"
							],
							"port": "7067",
							"path": [
								"api",
								"Suppliers",
								"GTYAR"
							]
						}
					},
					"response": []
				},
				{
					"name": "Edit Supplier",
					"request": {
						"method": "PUT",
						"header": [],
						"body": {
							"mode": "raw",
							"raw": "{\r\n  \"code\": \"GIELS\",\r\n  \"name\": \"New Giels\",\r\n  \"leadTime\": 1\r\n}",
							"options": {
								"raw": {
									"language": "json"
								}
							}
						},
						"url": {
							"raw": "https://localhost:7067/api/Suppliers/",
							"protocol": "https",
							"host": [
								"localhost"
							],
							"port": "7067",
							"path": [
								"api",
								"Suppliers",
								""
							]
						}
					},
					"response": []
				}
			]
		},
		{
			"name": "Purchase Orders",
			"item": [
				{
					"name": "Get a list of Purchase Orders",
					"request": {
						"method": "GET",
						"header": [],
						"url": {
							"raw": "https://localhost:7067/api/PurchaseOrders",
							"protocol": "https",
							"host": [
								"localhost"
							],
							"port": "7067",
							"path": [
								"api",
								"PurchaseOrders"
							]
						}
					},
					"response": []
				},
				{
					"name": "Add Purchase Order",
					"request": {
						"method": "POST",
						"header": [],
						"body": {
							"mode": "raw",
							"raw": "{\r\n  \"supplier\": {\r\n    \"code\": \"MAKRO\",\r\n    \"name\": \"Makro\",\r\n    \"leadTime\": 3\r\n  },\r\n  \"items\": [\r\n    {\r\n      \"product\": {\r\n        \"code\": \"BROOM\",\r\n        \"name\": \"Broom\"\r\n      },\r\n      \"quantity\": 5,\r\n      \"price\": 50\r\n    }\r\n  ]\r\n}",
							"options": {
								"raw": {
									"language": "json"
								}
							}
						},
						"url": {
							"raw": "https://localhost:7067/api/PurchaseOrders",
							"protocol": "https",
							"host": [
								"localhost"
							],
							"port": "7067",
							"path": [
								"api",
								"PurchaseOrders"
							]
						}
					},
					"response": []
				},
				{
					"name": "Get Purchase Order By Number",
					"request": {
						"method": "GET",
						"header": [],
						"url": {
							"raw": "https://localhost:7067/api/PurchaseOrders/1",
							"protocol": "https",
							"host": [
								"localhost"
							],
							"port": "7067",
							"path": [
								"api",
								"PurchaseOrders",
								"1"
							]
						}
					},
					"response": []
				},
				{
					"name": "Cancel Purchase Order",
					"request": {
						"method": "PUT",
						"header": [],
						"url": {
							"raw": "https://localhost:7067/api/PurchaseOrders/1/cancel",
							"protocol": "https",
							"host": [
								"localhost"
							],
							"port": "7067",
							"path": [
								"api",
								"PurchaseOrders",
								"1",
								"cancel"
							]
						}
					},
					"response": []
				},
				{
					"name": "Add Item to Existing Purchase Order",
					"request": {
						"method": "PUT",
						"header": [],
						"body": {
							"mode": "raw",
							"raw": "[\r\n  {\r\n    \"product\": {\r\n      \"code\": \"ASTRA\",\r\n      \"name\": \"astra\"\r\n    },\r\n    \"quantity\": 1,\r\n    \"price\": 23\r\n  }\r\n]",
							"options": {
								"raw": {
									"language": "json"
								}
							}
						},
						"url": {
							"raw": "https://localhost:7067/api/PurchaseOrders/1/additem\n",
							"protocol": "https",
							"host": [
								"localhost"
							],
							"port": "7067",
							"path": [
								"api",
								"PurchaseOrders",
								"1",
								"additem\n"
							]
						}
					},
					"response": []
				}
			]
		}
	]
}