{
	"info": {
		"_postman_id": "9da12db9-225b-4692-8ec8-1b91f40b7bc0",
		"name": "KRS Purchase local",
		"schema": "https://schema.getpostman.com/json/collection/v2.1.0/collection.json"
	},
	"item": [
		{
			"name": "Products",
			"item": [
				{
					"name": "Get Products",
					"request": {
						"method": "GET",
						"header": [],
						"url": {
							"raw": "http://localhost:5251/api/Products",
							"protocol": "http",
							"host": [
								"localhost"
							],
							"port": "5251",
							"path": [
								"api",
								"Products"
							]
						}
					},
					"response": []
				},
				{
					"name": "Get Product by code",
					"request": {
						"method": "GET",
						"header": [],
						"url": {
							"raw": "http://localhost:5251/api/Products/KYBRD",
							"protocol": "http",
							"host": [
								"localhost"
							],
							"port": "5251",
							"path": [
								"api",
								"Products",
								"KYBRD"
							]
						}
					},
					"response": []
				},
				{
					"name": "Add Product",
					"request": {
						"method": "POST",
						"header": [],
						"body": {
							"mode": "raw",
							"raw": "{\n    \"code\": \"APPLE\",\n    \"name\" : \"Apple (green)\"\n}",
							"options": {
								"raw": {
									"language": "json"
								}
							}
						},
						"url": {
							"raw": "http://localhost:5251/api/Products",
							"protocol": "http",
							"host": [
								"localhost"
							],
							"port": "5251",
							"path": [
								"api",
								"Products"
							]
						}
					},
					"response": []
				},
				{
					"name": "Edit Product",
					"request": {
						"method": "PUT",
						"header": [],
						"body": {
							"mode": "raw",
							"raw": "{\n    \"code\": \"KYBRD\",\n    \"name\" : \"Keyboard (red)\"\n}",
							"options": {
								"raw": {
									"language": "json"
								}
							}
						},
						"url": {
							"raw": "http://localhost:5251/api/Products/KYBRD",
							"protocol": "http",
							"host": [
								"localhost"
							],
							"port": "5251",
							"path": [
								"api",
								"Products",
								"KYBRD"
							]
						}
					},
					"response": []
				}
			]
		},
		{
			"name": "New Request",
			"request": {
				"method": "DELETE",
				"header": [],
				"url": {
					"raw": "http://localhost:5251/api/Products/PRJTR",
					"protocol": "http",
					"host": [
						"localhost"
					],
					"port": "5251",
					"path": [
						"api",
						"Products",
						"PRJTR"
					]
				}
			},
			"response": []
		}
	]
}