{
	"info": {
		"_postman_id": "f48e04a6-b365-4c34-b3ed-c17c375f7bf1",
		"name": "KRCPurchase.SQLLocal",
		"schema": "https://schema.getpostman.com/json/collection/v2.1.0/collection.json"
	},
	"item": [
		{
			"name": "Products",
			"item": [
				{
					"name": "Get Product",
					"request": {
						"method": "GET",
						"header": [],
						"url": {
							"raw": "https://localhost:7067/api/Products",
							"protocol": "https",
							"host": [
								"localhost"
							],
							"port": "7067",
							"path": [
								"api",
								"Products"
							]
						}
					},
					"response": []
				},
				{
					"name": "Find Product By Id",
					"request": {
						"method": "GET",
						"header": [],
						"url": {
							"raw": "https://localhost:7067/api/Products/3",
							"protocol": "https",
							"host": [
								"localhost"
							],
							"port": "7067",
							"path": [
								"api",
								"Products",
								"3"
							]
						}
					},
					"response": []
				},
				{
					"name": "Find Product By Code",
					"request": {
						"method": "GET",
						"header": [],
						"url": {
							"raw": "https://localhost:7067/api/Products/Code/TECNO",
							"protocol": "https",
							"host": [
								"localhost"
							],
							"port": "7067",
							"path": [
								"api",
								"Products",
								"Code",
								"TECNO"
							]
						}
					},
					"response": []
				},
				{
					"name": "Add Product",
					"request": {
						"method": "POST",
						"header": [],
						"body": {
							"mode": "raw",
							"raw": "{\r\n  \"code\": \"CUP23\",\r\n  \"productId\": 0,\r\n  \"name\": \"KRS Cups\",\r\n  \"createUser\": \"string\",\r\n  \"createDate\": \"2023-02-14T13:26:14.122Z\",\r\n  \"editUser\": \"string\",\r\n  \"editDate\": \"2023-02-14T13:26:14.122Z\"\r\n}",
							"options": {
								"raw": {
									"language": "json"
								}
							}
						},
						"url": {
							"raw": "https://localhost:7067/api/Products",
							"protocol": "https",
							"host": [
								"localhost"
							],
							"port": "7067",
							"path": [
								"api",
								"Products"
							]
						}
					},
					"response": []
				},
				{
					"name": "Edit Product",
					"request": {
						"method": "PUT",
						"header": [],
						"body": {
							"mode": "raw",
							"raw": "{\r\n  \"code\": \"LOGI8\",\r\n  \"productId\": 4,\r\n  \"name\": \"LOGI Keboards\",\r\n  \"createUser\": \"string\",\r\n  \"createDate\": \"2023-02-14T13:26:14.122Z\",\r\n  \"editUser\": \"Tino\",\r\n  \"editDate\": \"2023-02-14T13:26:14.122Z\"\r\n}",
							"options": {
								"raw": {
									"language": "json"
								}
							}
						},
						"url": {
							"raw": "https://localhost:7067/api/Products/4",
							"protocol": "https",
							"host": [
								"localhost"
							],
							"port": "7067",
							"path": [
								"api",
								"Products",
								"4"
							]
						}
					},
					"response": []
				},
				{
					"name": "Delete Product",
					"request": {
						"method": "DELETE",
						"header": [],
						"url": {
							"raw": "https://localhost:7067/api/Product/6",
							"protocol": "https",
							"host": [
								"localhost"
							],
							"port": "7067",
							"path": [
								"api",
								"Product",
								"6"
							]
						}
					},
					"response": []
				}
			]
		},
		{
			"name": "Suppliers",
			"item": [
				{
					"name": "Get Suppliers",
					"request": {
						"method": "GET",
						"header": [],
						"url": {
							"raw": "https://localhost:7067/api/Suppliers",
							"protocol": "https",
							"host": [
								"localhost"
							],
							"port": "7067",
							"path": [
								"api",
								"Suppliers"
							]
						}
					},
					"response": []
				},
				{
					"name": "Find Supplier By Code",
					"request": {
						"method": "GET",
						"header": [],
						"url": {
							"raw": "https://localhost:7067/api/Products/Code/SMSNG",
							"protocol": "https",
							"host": [
								"localhost"
							],
							"port": "7067",
							"path": [
								"api",
								"Products",
								"Code",
								"SMSNG"
							]
						}
					},
					"response": []
				},
				{
					"name": "Find Supplier By Id",
					"request": {
						"method": "GET",
						"header": [],
						"url": {
							"raw": "https://localhost:7067/api/Suppliers/4",
							"protocol": "https",
							"host": [
								"localhost"
							],
							"port": "7067",
							"path": [
								"api",
								"Suppliers",
								"4"
							]
						}
					},
					"response": []
				},
				{
					"name": "Add Supplier",
					"request": {
						"method": "POST",
						"header": [],
						"body": {
							"mode": "raw",
							"raw": "{\r\n        \"code\": \"GLASS\",\r\n        \"supplierid\": 0,\r\n        \"createuser\": \"Web user\",\r\n        \"createdate\": \"2023-02-15T11:30:16.3533333\",\r\n        \"edituser\": \"Web user\",\r\n        \"editdate\": \"2023-02-15T11:30:16.3533333\",\r\n        \"name\": \"Glass Cup\",\r\n        \"leadTime\": 12\r\n    }",
							"options": {
								"raw": {
									"language": "json"
								}
							}
						},
						"url": {
							"raw": "https://localhost:7067/api/Suppliers/",
							"protocol": "https",
							"host": [
								"localhost"
							],
							"port": "7067",
							"path": [
								"api",
								"Suppliers",
								""
							]
						}
					},
					"response": []
				},
				{
					"name": "Edit Supplier",
					"request": {
						"method": "PUT",
						"header": [],
						"body": {
							"mode": "raw",
							"raw": "{\r\n        \"code\": \"GLASS\",\r\n        \"supplierid\": 5,\r\n        \"createuser\": \"Web user\",\r\n        \"createdate\": \"2023-02-15T11:30:16.3533333\",\r\n        \"edituser\": \"New Tino\",\r\n        \"editdate\": \"2023-02-15T11:30:16.3533333\",\r\n        \"name\": \"Glass Cup 5\",\r\n        \"leadTime\": 12\r\n    }",
							"options": {
								"raw": {
									"language": "json"
								}
							}
						},
						"url": {
							"raw": "https://localhost:7067/api/Suppliers/5",
							"protocol": "https",
							"host": [
								"localhost"
							],
							"port": "7067",
							"path": [
								"api",
								"Suppliers",
								"5"
							]
						}
					},
					"response": []
				},
				{
					"name": "Delete Supplier",
					"request": {
						"method": "DELETE",
						"header": [],
						"url": {
							"raw": "https://localhost:7067/api/Suppliers/3/",
							"protocol": "https",
							"host": [
								"localhost"
							],
							"port": "7067",
							"path": [
								"api",
								"Suppliers",
								"3",
								""
							]
						}
					},
					"response": []
				}
			]
		}
	]
}