{
	"info": {
		"_postman_id": "0738f53d-798d-42de-a9c8-6ddad5e9db81",
		"name": "KRSPurchase Azure Product",
		"schema": "https://schema.getpostman.com/json/collection/v2.1.0/collection.json"
	},
	"item": [
		{
			"name": "Products",
			"item": [
				{
					"name": "Get list of products",
					"event": [
						{
							"listen": "test",
							"script": {
								"exec": [
									"(pm.response.to.have.status(200))\r",
									" pm.test(\"products listed\");\r",
									""
								],
								"type": "text/javascript"
							}
						}
					],
					"request": {
						"method": "GET",
						"header": [],
						"url": {
							"raw": "https://int23-p1.azurewebsites.net/api/products",
							"protocol": "https",
							"host": [
								"int23-p1",
								"azurewebsites",
								"net"
							],
							"path": [
								"api",
								"products"
							]
						}
					},
					"response": []
				},
				{
					"name": "Get product by code",
					"event": [
						{
							"listen": "test",
							"script": {
								"exec": [
									"(pm.response.to.have.status(200))\r",
									" pm.test(\"product fetched\");\r",
									""
								],
								"type": "text/javascript"
							}
						}
					],
					"request": {
						"method": "GET",
						"header": [],
						"url": {
							"raw": "https://int23-p1.azurewebsites.net/api/Products/KYBRD",
							"protocol": "https",
							"host": [
								"int23-p1",
								"azurewebsites",
								"net"
							],
							"path": [
								"api",
								"Products",
								"KYBRD"
							]
						}
					},
					"response": []
				},
				{
					"name": "Add a product",
					"event": [
						{
							"listen": "test",
							"script": {
								"exec": [
									"(pm.response.to.have.status(201))\r",
									" pm.test(\"product added\");\r",
									""
								],
								"type": "text/javascript"
							}
						}
					],
					"request": {
						"method": "POST",
						"header": [],
						"body": {
							"mode": "raw",
							"raw": "{\r\n  \"code\": \"SMSNG\",\r\n  \"name\": \"Samsung Phone\"\r\n}",
							"options": {
								"raw": {
									"language": "json"
								}
							}
						},
						"url": {
							"raw": "https://int23-p1.azurewebsites.net/api/Products/",
							"protocol": "https",
							"host": [
								"int23-p1",
								"azurewebsites",
								"net"
							],
							"path": [
								"api",
								"Products",
								""
							]
						}
					},
					"response": []
				},
				{
					"name": "Delete product",
					"event": [
						{
							"listen": "test",
							"script": {
								"exec": [
									"(pm.response.to.have.status(204))\r",
									" pm.test(\"product deletd\");\r",
									""
								],
								"type": "text/javascript"
							}
						}
					],
					"request": {
						"method": "DELETE",
						"header": [],
						"url": {
							"raw": "https://int23-p1.azurewebsites.net/api/Products/SMSNG",
							"protocol": "https",
							"host": [
								"int23-p1",
								"azurewebsites",
								"net"
							],
							"path": [
								"api",
								"Products",
								"SMSNG"
							]
						}
					},
					"response": []
				},
				{
					"name": "Edit product",
					"event": [
						{
							"listen": "test",
							"script": {
								"exec": [
									"(pm.response.to.have.status(200))\r",
									" pm.test(\"product edited\");\r",
									""
								],
								"type": "text/javascript"
							}
						}
					],
					"request": {
						"method": "PUT",
						"header": [],
						"body": {
							"mode": "raw",
							"raw": "{\r\n  \"code\": \"KYBRD\",\r\n  \"name\": \"New New Keyboard\"\r\n}",
							"options": {
								"raw": {
									"language": "json"
								}
							}
						},
						"url": {
							"raw": "https://int23-p1.azurewebsites.net/api/Products",
							"protocol": "https",
							"host": [
								"int23-p1",
								"azurewebsites",
								"net"
							],
							"path": [
								"api",
								"Products"
							]
						}
					},
					"response": []
				}
			]
		}
	]
}