{
	"info": {
		"_postman_id": "f2cd4324-1ff3-4732-9e65-2d2e6ff27100",
		"name": "KRSPurchase",
		"schema": "https://schema.getpostman.com/json/collection/v2.1.0/collection.json"
	},
	"item": [
		{
			"name": "Products",
			"item": [
				{
					"name": "Product List",
					"request": {
						"method": "GET",
						"header": [],
						"url": {
							"raw": "https://localhost:7085/api/Products",
							"protocol": "https",
							"host": [
								"localhost"
							],
							"port": "7085",
							"path": [
								"api",
								"Products"
							]
						}
					},
					"response": []
				},
				{
					"name": "Find Product",
					"request": {
						"method": "GET",
						"header": [],
						"url": {
							"raw": "https://localhost:7085/api/Products/KYBRD",
							"protocol": "https",
							"host": [
								"localhost"
							],
							"port": "7085",
							"path": [
								"api",
								"Products",
								"KYBRD"
							]
						}
					},
					"response": []
				},
				{
					"name": "Add Product",
					"request": {
						"method": "POST",
						"header": [],
						"body": {
							"mode": "raw",
							"raw": "{\r\n  \"code\": \"LOGI1\",\r\n  \"name\": \"Logi keyboards\"\r\n}",
							"options": {
								"raw": {
									"language": "json"
								}
							}
						},
						"url": {
							"raw": "https://localhost:7085/api/Products",
							"protocol": "https",
							"host": [
								"localhost"
							],
							"port": "7085",
							"path": [
								"api",
								"Products"
							]
						}
					},
					"response": []
				},
				{
					"name": "Find new product",
					"request": {
						"method": "GET",
						"header": [],
						"url": {
							"raw": "https://localhost:7085/api/Products/LOGI1",
							"protocol": "https",
							"host": [
								"localhost"
							],
							"port": "7085",
							"path": [
								"api",
								"Products",
								"LOGI1"
							]
						}
					},
					"response": []
				},
				{
					"name": "Edit product",
					"request": {
						"method": "PUT",
						"header": [],
						"body": {
							"mode": "raw",
							"raw": "{\r\n  \"code\": \"KYBRD\",\r\n  \"name\": \"Keyboards (Purple)\"\r\n}",
							"options": {
								"raw": {
									"language": "json"
								}
							}
						},
						"url": {
							"raw": "https://localhost:7085/api/Products/KYBRD",
							"protocol": "https",
							"host": [
								"localhost"
							],
							"port": "7085",
							"path": [
								"api",
								"Products",
								"KYBRD"
							]
						}
					},
					"response": []
				},
				{
					"name": "Delete Product",
					"request": {
						"method": "DELETE",
						"header": [],
						"url": {
							"raw": "https://localhost:7085/api/Products/KYBRD",
							"protocol": "https",
							"host": [
								"localhost"
							],
							"port": "7085",
							"path": [
								"api",
								"Products",
								"KYBRD"
							]
						}
					},
					"response": []
				}
			]
		},
		{
			"name": "Supplier",
			"item": [
				{
					"name": "Get list of suppliers",
					"request": {
						"method": "GET",
						"header": [],
						"url": {
							"raw": "https://localhost:7085/api/Suppliers",
							"protocol": "https",
							"host": [
								"localhost"
							],
							"port": "7085",
							"path": [
								"api",
								"Suppliers"
							]
						}
					},
					"response": []
				},
				{
					"name": "Find supplier",
					"request": {
						"method": "GET",
						"header": [],
						"url": {
							"raw": "https://localhost:7085/api/Suppliers/GTYAR",
							"protocol": "https",
							"host": [
								"localhost"
							],
							"port": "7085",
							"path": [
								"api",
								"Suppliers",
								"GTYAR"
							]
						}
					},
					"response": []
				},
				{
					"name": "Add supplier",
					"request": {
						"method": "POST",
						"header": [],
						"body": {
							"mode": "raw",
							"raw": "{\r\n  \"code\": \"CHKRS\",\r\n  \"name\": \"Checkers\",\r\n  \"leadTime\": 4\r\n}",
							"options": {
								"raw": {
									"language": "json"
								}
							}
						},
						"url": {
							"raw": "https://localhost:7085/api/Suppliers",
							"protocol": "https",
							"host": [
								"localhost"
							],
							"port": "7085",
							"path": [
								"api",
								"Suppliers"
							]
						}
					},
					"response": []
				},
				{
					"name": "Edit Supplier",
					"request": {
						"method": "PUT",
						"header": [],
						"body": {
							"mode": "raw",
							"raw": "{\r\n  \"code\": \"GTYAR\",\r\n  \"name\": \"Mentos\",\r\n  \"leadTime\": 2\r\n}",
							"options": {
								"raw": {
									"language": "json"
								}
							}
						},
						"url": {
							"raw": "https://localhost:7085/api/Suppliers/GTYAR",
							"protocol": "https",
							"host": [
								"localhost"
							],
							"port": "7085",
							"path": [
								"api",
								"Suppliers",
								"GTYAR"
							]
						}
					},
					"response": []
				},
				{
					"name": "Delete Supplier",
					"request": {
						"method": "DELETE",
						"header": [],
						"url": {
							"raw": "https://localhost:7085/api/Suppliers/GTYAR",
							"protocol": "https",
							"host": [
								"localhost"
							],
							"port": "7085",
							"path": [
								"api",
								"Suppliers",
								"GTYAR"
							]
						}
					},
					"response": []
				}
			]
		}
	]
}