{
	"info": {
		"_postman_id": "206433cd-00a5-492c-8c6c-d481da39739f",
		"name": "KRSPurchase.Impliment",
		"schema": "https://schema.getpostman.com/json/collection/v2.1.0/collection.json"
	},
	"item": [
		{
			"name": "Product",
			"item": [
				{
					"name": "List of products",
					"request": {
						"method": "GET",
						"header": [],
						"url": {
							"raw": "https://int23-p3.azurewebsites.net/api/Products",
							"protocol": "https",
							"host": [
								"int23-p3",
								"azurewebsites",
								"net"
							],
							"path": [
								"api",
								"Products"
							]
						}
					},
					"response": []
				},
				{
					"name": "Find product",
					"request": {
						"method": "GET",
						"header": [],
						"url": {
							"raw": "https://int23-p3.azurewebsites.net/api/Products/KYBRD",
							"protocol": "https",
							"host": [
								"int23-p3",
								"azurewebsites",
								"net"
							],
							"path": [
								"api",
								"Products",
								"KYBRD"
							]
						}
					},
					"response": []
				},
				{
					"name": "Add product",
					"request": {
						"method": "POST",
						"header": [],
						"body": {
							"mode": "raw",
							"raw": "{\r\n    \"code\":\"LOGIT\",\r\n    \"name\":\"Logitech Keyboard\"\r\n}",
							"options": {
								"raw": {
									"language": "json"
								}
							}
						},
						"url": {
							"raw": "https://int23-p3.azurewebsites.net/api/Products",
							"protocol": "https",
							"host": [
								"int23-p3",
								"azurewebsites",
								"net"
							],
							"path": [
								"api",
								"Products"
							]
						}
					},
					"response": []
				},
				{
					"name": "Find new product",
					"request": {
						"method": "GET",
						"header": [],
						"url": {
							"raw": "https://int23-p3.azurewebsites.net/api/Products/LOGIT",
							"protocol": "https",
							"host": [
								"int23-p3",
								"azurewebsites",
								"net"
							],
							"path": [
								"api",
								"Products",
								"LOGIT"
							]
						}
					},
					"response": []
				},
				{
					"name": "Edit product",
					"request": {
						"method": "PUT",
						"header": [],
						"body": {
							"mode": "raw",
							"raw": "{\r\n    \"code\": \"KYBRD\",\r\n    \"name\": \"Keyboard (Purple)\"\r\n}",
							"options": {
								"raw": {
									"language": "json"
								}
							}
						},
						"url": {
							"raw": "https://int23-p3.azurewebsites.net/api/Products/KYBRD",
							"protocol": "https",
							"host": [
								"int23-p3",
								"azurewebsites",
								"net"
							],
							"path": [
								"api",
								"Products",
								"KYBRD"
							]
						}
					},
					"response": []
				},
				{
					"name": "Delete product",
					"request": {
						"method": "DELETE",
						"header": [],
						"url": {
							"raw": "https://int23-p3.azurewebsites.net/api/Products/KYBRD",
							"protocol": "https",
							"host": [
								"int23-p3",
								"azurewebsites",
								"net"
							],
							"path": [
								"api",
								"Products",
								"KYBRD"
							]
						}
					},
					"response": []
				}
			]
		},
		{
			"name": "Suppliers",
			"item": [
				{
					"name": "Get list of suppliers",
					"request": {
						"method": "GET",
						"header": [],
						"url": {
							"raw": "https://int23-p3.azurewebsites.net/api/Suppliers",
							"protocol": "https",
							"host": [
								"int23-p3",
								"azurewebsites",
								"net"
							],
							"path": [
								"api",
								"Suppliers"
							]
						}
					},
					"response": []
				},
				{
					"name": "Find supplier",
					"request": {
						"method": "GET",
						"header": [],
						"url": {
							"raw": "https://int23-p3.azurewebsites.net/api/Suppliers/GTYAR",
							"protocol": "https",
							"host": [
								"int23-p3",
								"azurewebsites",
								"net"
							],
							"path": [
								"api",
								"Suppliers",
								"GTYAR"
							]
						}
					},
					"response": []
				},
				{
					"name": "Add Supplier",
					"request": {
						"method": "POST",
						"header": [],
						"body": {
							"mode": "raw",
							"raw": "{\r\n  \"code\": \"SUNLT\",\r\n  \"name\": \"Sunlight Liquid\",\r\n  \"leadTime\": 2\r\n}",
							"options": {
								"raw": {
									"language": "json"
								}
							}
						},
						"url": {
							"raw": "https://int23-p3.azurewebsites.net/api/Suppliers/",
							"protocol": "https",
							"host": [
								"int23-p3",
								"azurewebsites",
								"net"
							],
							"path": [
								"api",
								"Suppliers",
								""
							]
						}
					},
					"response": []
				},
				{
					"name": "Find new supplier",
					"request": {
						"method": "GET",
						"header": [],
						"url": {
							"raw": "https://int23-p3.azurewebsites.net/api/Suppliers/SUNLT",
							"protocol": "https",
							"host": [
								"int23-p3",
								"azurewebsites",
								"net"
							],
							"path": [
								"api",
								"Suppliers",
								"SUNLT"
							]
						}
					},
					"response": []
				},
				{
					"name": "Edit supplier",
					"request": {
						"method": "PUT",
						"header": [],
						"body": {
							"mode": "raw",
							"raw": "{\r\n    \"code\": \"REDDR\",\r\n    \"name\": \"Biscuits\",\r\n    \"leadTime\": 2\r\n}",
							"options": {
								"raw": {
									"language": "json"
								}
							}
						},
						"url": {
							"raw": "https://int23-p3.azurewebsites.net/api/Suppliers/",
							"protocol": "https",
							"host": [
								"int23-p3",
								"azurewebsites",
								"net"
							],
							"path": [
								"api",
								"Suppliers",
								""
							]
						}
					},
					"response": []
				}
			]
		}
	]
}