{
	"info": {
		"_postman_id": "f2cd4324-1ff3-4732-9e65-2d2e6ff27100",
		"name": "KRSPurchase",
		"schema": "https://schema.getpostman.com/json/collection/v2.1.0/collection.json"
	},
	"item": [
		{
			"name": "Product List",
			"request": {
				"method": "GET",
				"header": [],
				"url": {
					"raw": "https://localhost:7085/api/Products",
					"protocol": "https",
					"host": [
						"localhost"
					],
					"port": "7085",
					"path": [
						"api",
						"Products"
					]
				}
			},
			"response": []
		},
		{
			"name": "Find Product",
			"request": {
				"method": "GET",
				"header": [],
				"url": {
					"raw": "https://localhost:7085/api/Products/KYBRD",
					"protocol": "https",
					"host": [
						"localhost"
					],
					"port": "7085",
					"path": [
						"api",
						"Products",
						"KYBRD"
					]
				}
			},
			"response": []
		}
	]
}